user_id,product_id,timestamp
user_70,prod_34,2026-07-05T00:01:00Z
user_91,prod_28,2026-07-05T00:03:00Z
user_21,prod_30,2026-07-05T00:06:00Z
user_49,prod_31,2026-07-05T00:12:00Z
user_83,prod_22,2026-07-05T00:25:00Z
user_40,prod_36,2026-07-05T00:28:00Z
user_23,prod_20,2026-07-05T00:28:00Z
user_32,prod_13,2026-07-05T00:41:00Z
user_90,prod_19,2026-07-05T00:44:00Z
user_113,prod_27,2026-07-05T00:50:00Z
user_82,prod_8,2026-07-05T00:51:00Z
user_14,prod_38,2026-07-05T00:52:00Z
user_73,prod_43,2026-07-05T00:55:00Z
user_80,prod_35,2026-07-05T00:55:00Z
user_56,prod_32,2026-07-05T00:59:00Z
user_6,prod_49,2026-07-05T01:03:00Z
user_61,prod_19,2026-07-05T01:06:00Z
user_112,prod_35,2026-07-05T01:13:00Z
user_75,prod_17,2026-07-05T01:18:00Z
user_14,prod_25,2026-07-05T01:19:00Z
user_75,prod_39,2026-07-05T01:21:00Z
user_40,prod_24,2026-07-05T01:21:00Z
user_56,prod_9,2026-07-05T01:25:00Z
user_30,prod_27,2026-07-05T01:29:00Z
user_107,prod_18,2026-07-05T01:30:00Z
user_25,prod_17,2026-07-05T01:30:00Z
user_116,prod_2,2026-07-05T01:34:00Z
user_111,prod_44,2026-07-05T01:40:00Z
user_63,prod_17,2026-07-05T01:44:00Z
user_57,prod_49,2026-07-05T01:45:00Z
user_81,prod_44,2026-07-05T01:49:00Z
user_53,prod_30,2026-07-05T01:50:00Z
user_36,prod_3,2026-07-05T01:51:00Z
user_96,prod_21,2026-07-05T01:57:00Z
user_95,prod_35,2026-07-05T02:04:00Z
user_91,prod_14,2026-07-05T02:11:00Z
user_52,prod_18,2026-07-05T02:15:00Z
user_8,prod_15,2026-07-05T02:18:00Z
user_109,prod_12,2026-07-05T02:20:00Z
user_25,prod_46,2026-07-05T02:22:00Z
user_96,prod_9,2026-07-05T02:22:00Z
user_90,prod_30,2026-07-05T02:25:00Z
user_106,prod_10,2026-07-05T02:26:00Z
user_119,prod_49,2026-07-05T02:28:00Z
user_61,prod_40,2026-07-05T02:29:00Z
user_73,prod_7,2026-07-05T02:30:00Z
user_70,prod_11,2026-07-05T02:31:00Z
user_23,prod_36,2026-07-05T02:33:00Z
user_2,prod_8,2026-07-05T02:34:00Z
user_60,prod_16,2026-07-05T02:34:00Z
user_92,prod_13,2026-07-05T02:35:00Z
user_99,prod_19,2026-07-05T02:43:00Z
user_64,prod_29,2026-07-05T02:44:00Z
user_8,prod_33,2026-07-05T02:44:00Z
user_51,prod_42,2026-07-05T02:44:00Z
user_41,prod_35,2026-07-05T02:45:00Z
user_5,prod_30,2026-07-05T03:00:00Z
user_94,prod_9,2026-07-05T03:04:00Z
user_30,prod_48,2026-07-05T03:05:00Z
user_66,prod_32,2026-07-05T03:06:00Z
user_105,prod_32,2026-07-05T03:06:00Z
user_33,prod_2,2026-07-05T03:07:00Z
user_71,prod_27,2026-07-05T03:10:00Z
user_102,prod_2,2026-07-05T03:10:00Z
user_80,prod_22,2026-07-05T03:11:00Z
user_5,prod_2,2026-07-05T03:11:00Z
user_108,prod_1,2026-07-05T03:11:00Z
user_12,prod_25,2026-07-05T03:18:00Z
user_57,prod_36,2026-07-05T03:20:00Z
user_8,prod_40,2026-07-05T03:23:00Z
user_110,prod_15,2026-07-05T03:26:00Z
user_98,prod_22,2026-07-05T03:29:00Z
user_29,prod_9,2026-07-05T03:29:00Z
user_39,prod_43,2026-07-05T03:32:00Z
user_89,prod_1,2026-07-05T03:38:00Z
user_50,prod_31,2026-07-05T03:38:00Z
user_94,prod_22,2026-07-05T03:43:00Z
user_97,prod_4,2026-07-05T03:44:00Z
user_78,prod_39,2026-07-05T03:54:00Z
user_96,prod_22,2026-07-05T03:55:00Z
user_43,prod_2,2026-07-05T03:56:00Z
user_33,prod_15,2026-07-05T04:07:00Z
user_64,prod_3,2026-07-05T04:18:00Z
user_91,prod_35,2026-07-05T04:19:00Z
user_108,prod_30,2026-07-05T04:21:00Z
user_99,prod_9,2026-07-05T04:22:00Z
user_1,prod_22,2026-07-05T04:27:00Z
user_28,prod_35,2026-07-05T04:30:00Z
user_47,prod_15,2026-07-05T04:43:00Z
user_19,prod_17,2026-07-05T04:45:00Z
user_69,prod_29,2026-07-05T04:47:00Z
user_60,prod_5,2026-07-05T04:48:00Z
user_117,prod_38,2026-07-05T04:53:00Z
user_2,prod_47,2026-07-05T04:55:00Z
user_104,prod_13,2026-07-05T05:01:00Z
user_75,prod_36,2026-07-05T05:03:00Z
user_114,prod_45,2026-07-05T05:05:00Z
user_85,prod_42,2026-07-05T05:11:00Z
user_50,prod_45,2026-07-05T05:12:00Z
user_82,prod_30,2026-07-05T05:13:00Z
user_78,prod_13,2026-07-05T05:13:00Z
user_16,prod_42,2026-07-05T05:15:00Z
user_53,prod_42,2026-07-05T05:16:00Z
user_65,prod_34,2026-07-05T05:22:00Z
user_48,prod_19,2026-07-05T05:23:00Z
user_78,prod_16,2026-07-05T05:24:00Z
user_36,prod_1,2026-07-05T05:26:00Z
user_20,prod_41,2026-07-05T05:27:00Z
user_48,prod_49,2026-07-05T05:30:00Z
user_82,prod_17,2026-07-05T05:30:00Z
user_82,prod_24,2026-07-05T05:33:00Z
user_65,prod_18,2026-07-05T05:36:00Z
user_116,prod_4,2026-07-05T05:37:00Z
user_87,prod_26,2026-07-05T05:38:00Z
user_99,prod_24,2026-07-05T05:43:00Z
user_102,prod_48,2026-07-05T05:47:00Z
user_102,prod_12,2026-07-05T05:48:00Z
user_6,prod_49,2026-07-05T05:58:00Z
user_96,prod_27,2026-07-05T05:59:00Z
user_111,prod_11,2026-07-05T06:02:00Z
user_65,prod_49,2026-07-05T06:05:00Z
user_113,prod_17,2026-07-05T06:05:00Z
user_57,prod_18,2026-07-05T06:11:00Z
user_18,prod_30,2026-07-05T06:12:00Z
user_109,prod_21,2026-07-05T06:12:00Z
user_57,prod_22,2026-07-05T06:17:00Z
user_98,prod_45,2026-07-05T06:19:00Z
user_53,prod_4,2026-07-05T06:24:00Z
user_104,prod_27,2026-07-05T06:29:00Z
user_32,prod_13,2026-07-05T06:29:00Z
user_19,prod_25,2026-07-05T06:30:00Z
user_2,prod_34,2026-07-05T06:31:00Z
user_4,prod_43,2026-07-05T06:35:00Z
user_37,prod_7,2026-07-05T06:37:00Z
user_109,prod_20,2026-07-05T06:47:00Z
user_48,prod_23,2026-07-05T07:09:00Z
user_116,prod_23,2026-07-05T07:10:00Z
user_36,prod_10,2026-07-05T07:20:00Z
user_15,prod_37,2026-07-05T07:26:00Z
user_100,prod_28,2026-07-05T07:28:00Z
user_78,prod_23,2026-07-05T07:28:00Z
user_30,prod_38,2026-07-05T07:31:00Z
user_103,prod_39,2026-07-05T07:31:00Z
user_110,prod_31,2026-07-05T07:35:00Z
user_40,prod_15,2026-07-05T07:36:00Z
user_7,prod_23,2026-07-05T07:39:00Z
user_15,prod_35,2026-07-05T07:40:00Z
user_87,prod_20,2026-07-05T07:40:00Z
user_6,prod_43,2026-07-05T07:46:00Z
user_42,prod_4,2026-07-05T07:49:00Z
user_107,prod_19,2026-07-05T07:51:00Z
user_18,prod_10,2026-07-05T07:53:00Z
user_80,prod_5,2026-07-05T08:00:00Z
user_105,prod_49,2026-07-05T08:01:00Z
user_96,prod_10,2026-07-05T08:04:00Z
user_119,prod_49,2026-07-05T08:04:00Z
user_10,prod_33,2026-07-05T08:07:00Z
user_80,prod_10,2026-07-05T08:08:00Z
user_113,prod_20,2026-07-05T08:10:00Z
user_11,prod_11,2026-07-05T08:11:00Z
user_63,prod_36,2026-07-05T08:12:00Z
user_113,prod_29,2026-07-05T08:19:00Z
user_113,prod_5,2026-07-05T08:20:00Z
user_95,prod_18,2026-07-05T08:21:00Z
user_4,prod_3,2026-07-05T08:21:00Z
user_22,prod_35,2026-07-05T08:21:00Z
user_35,prod_21,2026-07-05T08:22:00Z
user_16,prod_37,2026-07-05T08:24:00Z
user_58,prod_17,2026-07-05T08:26:00Z
user_58,prod_8,2026-07-05T08:27:00Z
user_111,prod_48,2026-07-05T08:28:00Z
user_39,prod_6,2026-07-05T08:28:00Z
user_33,prod_30,2026-07-05T08:42:00Z
user_60,prod_45,2026-07-05T08:44:00Z
user_67,prod_21,2026-07-05T08:54:00Z
user_93,prod_47,2026-07-05T08:59:00Z
user_113,prod_9,2026-07-05T09:01:00Z
user_88,prod_15,2026-07-05T09:01:00Z
user_10,prod_31,2026-07-05T09:02:00Z
user_83,prod_10,2026-07-05T09:04:00Z
user_114,prod_35,2026-07-05T09:06:00Z
user_120,prod_33,2026-07-05T09:07:00Z
user_63,prod_15,2026-07-05T09:18:00Z
user_66,prod_46,2026-07-05T09:19:00Z
user_81,prod_16,2026-07-05T09:22:00Z
user_108,prod_41,2026-07-05T09:27:00Z
user_52,prod_22,2026-07-05T09:30:00Z
user_55,prod_12,2026-07-05T09:30:00Z
user_107,prod_6,2026-07-05T09:31:00Z
user_111,prod_5,2026-07-05T09:31:00Z
user_20,prod_18,2026-07-05T09:37:00Z
user_106,prod_1,2026-07-05T09:39:00Z
user_30,prod_19,2026-07-05T09:39:00Z
user_85,prod_6,2026-07-05T09:41:00Z
user_34,prod_30,2026-07-05T09:44:00Z
user_57,prod_5,2026-07-05T09:45:00Z
user_81,prod_44,2026-07-05T09:48:00Z
user_64,prod_46,2026-07-05T09:57:00Z
user_11,prod_36,2026-07-05T10:00:00Z
user_42,prod_4,2026-07-05T10:00:00Z
user_33,prod_31,2026-07-05T10:04:00Z
user_46,prod_37,2026-07-05T10:05:00Z
user_20,prod_13,2026-07-05T10:07:00Z
user_58,prod_29,2026-07-05T10:08:00Z
user_22,prod_45,2026-07-05T10:13:00Z
user_109,prod_8,2026-07-05T10:15:00Z
user_57,prod_35,2026-07-05T10:19:00Z
user_71,prod_1,2026-07-05T10:22:00Z
user_59,prod_18,2026-07-05T10:27:00Z
user_89,prod_16,2026-07-05T10:27:00Z
user_8,prod_11,2026-07-05T10:29:00Z
user_100,prod_11,2026-07-05T10:37:00Z
user_26,prod_46,2026-07-05T10:38:00Z
user_45,prod_47,2026-07-05T10:42:00Z
user_27,prod_43,2026-07-05T10:43:00Z
user_28,prod_37,2026-07-05T10:44:00Z
user_93,prod_13,2026-07-05T10:46:00Z
user_106,prod_3,2026-07-05T10:46:00Z
user_39,prod_30,2026-07-05T10:47:00Z
user_49,prod_30,2026-07-05T10:59:00Z
user_41,prod_17,2026-07-05T11:02:00Z
user_117,prod_19,2026-07-05T11:09:00Z
user_14,prod_11,2026-07-05T11:15:00Z
user_9,prod_43,2026-07-05T11:16:00Z
user_116,prod_3,2026-07-05T11:16:00Z
user_54,prod_27,2026-07-05T11:17:00Z
user_65,prod_38,2026-07-05T11:19:00Z
user_23,prod_48,2026-07-05T11:20:00Z
user_31,prod_18,2026-07-05T11:27:00Z
user_29,prod_5,2026-07-05T11:32:00Z
user_36,prod_27,2026-07-05T11:36:00Z
user_99,prod_42,2026-07-05T11:36:00Z
user_90,prod_28,2026-07-05T11:36:00Z
user_103,prod_17,2026-07-05T11:37:00Z
user_78,prod_14,2026-07-05T11:42:00Z
user_69,prod_31,2026-07-05T11:46:00Z
user_101,prod_3,2026-07-05T11:51:00Z
user_34,prod_9,2026-07-05T11:54:00Z
user_26,prod_30,2026-07-05T11:56:00Z
user_63,prod_14,2026-07-05T12:06:00Z
user_38,prod_15,2026-07-05T12:19:00Z
user_14,prod_28,2026-07-05T12:21:00Z
user_3,prod_8,2026-07-05T12:23:00Z
user_5,prod_38,2026-07-05T12:27:00Z
user_85,prod_38,2026-07-05T12:35:00Z
user_70,prod_3,2026-07-05T12:36:00Z
user_69,prod_8,2026-07-05T12:55:00Z
user_79,prod_43,2026-07-05T12:56:00Z
user_7,prod_17,2026-07-05T12:56:00Z
user_42,prod_22,2026-07-05T12:56:00Z
user_21,prod_30,2026-07-05T12:57:00Z
user_110,prod_35,2026-07-05T12:58:00Z
user_29,prod_34,2026-07-05T12:59:00Z
user_31,prod_37,2026-07-05T13:04:00Z
user_77,prod_5,2026-07-05T13:08:00Z
user_91,prod_25,2026-07-05T13:10:00Z
user_46,prod_20,2026-07-05T13:18:00Z
user_49,prod_1,2026-07-05T13:19:00Z
user_107,prod_43,2026-07-05T13:30:00Z
user_31,prod_17,2026-07-05T13:30:00Z
user_87,prod_25,2026-07-05T13:32:00Z
user_93,prod_44,2026-07-05T13:33:00Z
user_55,prod_38,2026-07-05T13:37:00Z
user_50,prod_32,2026-07-05T13:38:00Z
user_37,prod_43,2026-07-05T13:40:00Z
user_15,prod_5,2026-07-05T13:40:00Z
user_62,prod_14,2026-07-05T13:41:00Z
user_39,prod_45,2026-07-05T13:44:00Z
user_53,prod_21,2026-07-05T13:44:00Z
user_13,prod_4,2026-07-05T13:44:00Z
user_111,prod_16,2026-07-05T13:46:00Z
user_38,prod_15,2026-07-05T13:48:00Z
user_73,prod_20,2026-07-05T13:51:00Z
user_11,prod_16,2026-07-05T13:52:00Z
user_21,prod_1,2026-07-05T13:56:00Z
user_61,prod_23,2026-07-05T13:56:00Z
user_70,prod_30,2026-07-05T14:11:00Z
user_16,prod_36,2026-07-05T14:12:00Z
user_80,prod_6,2026-07-05T14:18:00Z
user_90,prod_35,2026-07-05T14:19:00Z
user_8,prod_14,2026-07-05T14:20:00Z
user_17,prod_13,2026-07-05T14:21:00Z
user_36,prod_49,2026-07-05T14:23:00Z
user_12,prod_38,2026-07-05T14:24:00Z
user_102,prod_44,2026-07-05T14:24:00Z
user_112,prod_39,2026-07-05T14:26:00Z
user_56,prod_23,2026-07-05T14:27:00Z
user_12,prod_41,2026-07-05T14:27:00Z
user_39,prod_41,2026-07-05T14:28:00Z
user_85,prod_13,2026-07-05T14:30:00Z
user_11,prod_42,2026-07-05T14:37:00Z
user_111,prod_38,2026-07-05T14:38:00Z
user_37,prod_14,2026-07-05T14:40:00Z
user_46,prod_24,2026-07-05T14:42:00Z
user_26,prod_24,2026-07-05T14:43:00Z
user_77,prod_3,2026-07-05T14:44:00Z
user_14,prod_39,2026-07-05T14:49:00Z
user_15,prod_19,2026-07-05T14:50:00Z
user_17,prod_19,2026-07-05T14:57:00Z
user_118,prod_19,2026-07-05T14:59:00Z
user_112,prod_7,2026-07-05T15:01:00Z
user_6,prod_20,2026-07-05T15:02:00Z
user_41,prod_49,2026-07-05T15:06:00Z
user_91,prod_7,2026-07-05T15:08:00Z
user_55,prod_36,2026-07-05T15:13:00Z
user_111,prod_10,2026-07-05T15:14:00Z
user_92,prod_32,2026-07-05T15:17:00Z
user_49,prod_18,2026-07-05T15:28:00Z
user_42,prod_14,2026-07-05T15:31:00Z
user_32,prod_8,2026-07-05T15:34:00Z
user_13,prod_34,2026-07-05T15:35:00Z
user_89,prod_17,2026-07-05T15:35:00Z
user_51,prod_42,2026-07-05T15:39:00Z
user_34,prod_3,2026-07-05T15:40:00Z
user_29,prod_8,2026-07-05T15:45:00Z
user_112,prod_35,2026-07-05T15:46:00Z
user_86,prod_1,2026-07-05T15:52:00Z
user_84,prod_21,2026-07-05T15:52:00Z
user_49,prod_39,2026-07-05T15:58:00Z
user_33,prod_6,2026-07-05T16:03:00Z
user_54,prod_31,2026-07-05T16:07:00Z
user_61,prod_16,2026-07-05T16:08:00Z
user_41,prod_48,2026-07-05T16:08:00Z
user_28,prod_33,2026-07-05T16:09:00Z
user_115,prod_11,2026-07-05T16:12:00Z
user_7,prod_38,2026-07-05T16:16:00Z
user_7,prod_17,2026-07-05T16:18:00Z
user_37,prod_31,2026-07-05T16:20:00Z
user_104,prod_35,2026-07-05T16:30:00Z
user_25,prod_14,2026-07-05T16:31:00Z
user_113,prod_45,2026-07-05T16:32:00Z
user_99,prod_34,2026-07-05T16:32:00Z
user_22,prod_27,2026-07-05T16:34:00Z
user_36,prod_43,2026-07-05T16:34:00Z
user_11,prod_6,2026-07-05T16:35:00Z
user_85,prod_46,2026-07-05T16:36:00Z
user_41,prod_41,2026-07-05T16:39:00Z
user_77,prod_21,2026-07-05T16:40:00Z
user_75,prod_43,2026-07-05T16:42:00Z
user_109,prod_27,2026-07-05T16:43:00Z
user_17,prod_41,2026-07-05T16:45:00Z
user_44,prod_2,2026-07-05T16:52:00Z
user_53,prod_45,2026-07-05T16:54:00Z
user_117,prod_39,2026-07-05T16:57:00Z
user_88,prod_16,2026-07-05T16:59:00Z
user_28,prod_42,2026-07-05T17:02:00Z
user_79,prod_47,2026-07-05T17:13:00Z
user_28,prod_15,2026-07-05T17:14:00Z
user_110,prod_17,2026-07-05T17:15:00Z
user_48,prod_5,2026-07-05T17:16:00Z
user_69,prod_14,2026-07-05T17:16:00Z
user_39,prod_41,2026-07-05T17:19:00Z
user_118,prod_39,2026-07-05T17:20:00Z
user_45,prod_42,2026-07-05T17:23:00Z
user_56,prod_39,2026-07-05T17:27:00Z
user_15,prod_26,2026-07-05T17:33:00Z
user_48,prod_29,2026-07-05T17:39:00Z
user_23,prod_45,2026-07-05T17:40:00Z
user_56,prod_12,2026-07-05T17:48:00Z
user_22,prod_17,2026-07-05T18:00:00Z
user_79,prod_42,2026-07-05T18:03:00Z
user_19,prod_16,2026-07-05T18:07:00Z
user_113,prod_24,2026-07-05T18:07:00Z
user_61,prod_36,2026-07-05T18:07:00Z
user_105,prod_5,2026-07-05T18:10:00Z
user_16,prod_48,2026-07-05T18:17:00Z
user_52,prod_44,2026-07-05T18:18:00Z
user_110,prod_27,2026-07-05T18:22:00Z
user_3,prod_48,2026-07-05T18:24:00Z
user_26,prod_9,2026-07-05T18:24:00Z
user_35,prod_33,2026-07-05T18:25:00Z
user_7,prod_42,2026-07-05T18:27:00Z
user_43,prod_36,2026-07-05T18:32:00Z
user_87,prod_48,2026-07-05T18:36:00Z
user_96,prod_48,2026-07-05T18:38:00Z
user_27,prod_18,2026-07-05T18:44:00Z
user_85,prod_31,2026-07-05T18:45:00Z
user_105,prod_49,2026-07-05T18:46:00Z
user_45,prod_28,2026-07-05T18:47:00Z
user_32,prod_30,2026-07-05T18:48:00Z
user_95,prod_29,2026-07-05T18:49:00Z
user_15,prod_7,2026-07-05T18:53:00Z
user_68,prod_17,2026-07-05T18:53:00Z
user_3,prod_38,2026-07-05T18:54:00Z
user_2,prod_43,2026-07-05T18:55:00Z
user_90,prod_19,2026-07-05T18:55:00Z
user_113,prod_18,2026-07-05T18:58:00Z
user_55,prod_45,2026-07-05T18:58:00Z
user_60,prod_4,2026-07-05T19:01:00Z
user_14,prod_23,2026-07-05T19:06:00Z
user_91,prod_28,2026-07-05T19:08:00Z
user_78,prod_2,2026-07-05T19:09:00Z
user_32,prod_48,2026-07-05T19:09:00Z
user_20,prod_10,2026-07-05T19:12:00Z
user_85,prod_38,2026-07-05T19:17:00Z
user_36,prod_1,2026-07-05T19:19:00Z
user_77,prod_8,2026-07-05T19:19:00Z
user_8,prod_16,2026-07-05T19:21:00Z
user_77,prod_48,2026-07-05T19:25:00Z
user_97,prod_30,2026-07-05T19:27:00Z
user_31,prod_25,2026-07-05T19:31:00Z
user_14,prod_1,2026-07-05T19:35:00Z
user_30,prod_44,2026-07-05T19:38:00Z
user_3,prod_49,2026-07-05T19:39:00Z
user_119,prod_20,2026-07-05T19:39:00Z
user_15,prod_25,2026-07-05T19:40:00Z
user_106,prod_18,2026-07-05T19:40:00Z
user_93,prod_37,2026-07-05T19:40:00Z
user_63,prod_5,2026-07-05T19:41:00Z
user_114,prod_24,2026-07-05T19:42:00Z
user_28,prod_4,2026-07-05T19:46:00Z
user_69,prod_17,2026-07-05T19:57:00Z
user_93,prod_20,2026-07-05T20:02:00Z
user_57,prod_23,2026-07-05T20:03:00Z
user_29,prod_29,2026-07-05T20:06:00Z
user_101,prod_41,2026-07-05T20:07:00Z
user_36,prod_47,2026-07-05T20:07:00Z
user_117,prod_26,2026-07-05T20:12:00Z
user_60,prod_28,2026-07-05T20:13:00Z
user_58,prod_45,2026-07-05T20:16:00Z
user_68,prod_36,2026-07-05T20:19:00Z
user_98,prod_34,2026-07-05T20:22:00Z
user_46,prod_23,2026-07-05T20:36:00Z
user_95,prod_21,2026-07-05T20:36:00Z
user_101,prod_38,2026-07-05T20:42:00Z
user_23,prod_6,2026-07-05T20:48:00Z
user_96,prod_12,2026-07-05T21:00:00Z
user_84,prod_18,2026-07-05T21:01:00Z
user_78,prod_39,2026-07-05T21:06:00Z
user_107,prod_41,2026-07-05T21:06:00Z
user_112,prod_25,2026-07-05T21:09:00Z
user_114,prod_27,2026-07-05T21:11:00Z
user_40,prod_37,2026-07-05T21:11:00Z
user_82,prod_13,2026-07-05T21:11:00Z
user_2,prod_30,2026-07-05T21:12:00Z
user_67,prod_24,2026-07-05T21:15:00Z
user_65,prod_7,2026-07-05T21:20:00Z
user_97,prod_32,2026-07-05T21:20:00Z
user_98,prod_14,2026-07-05T21:21:00Z
user_76,prod_45,2026-07-05T21:24:00Z
user_88,prod_9,2026-07-05T21:26:00Z
user_59,prod_27,2026-07-05T21:29:00Z
user_16,prod_2,2026-07-05T21:30:00Z
user_1,prod_5,2026-07-05T21:32:00Z
user_66,prod_43,2026-07-05T21:36:00Z
user_56,prod_7,2026-07-05T21:37:00Z
user_27,prod_44,2026-07-05T21:38:00Z
user_10,prod_39,2026-07-05T21:40:00Z
user_75,prod_28,2026-07-05T21:40:00Z
user_30,prod_30,2026-07-05T21:46:00Z
user_17,prod_43,2026-07-05T22:01:00Z
user_89,prod_31,2026-07-05T22:02:00Z
user_13,prod_41,2026-07-05T22:03:00Z
user_87,prod_42,2026-07-05T22:03:00Z
user_120,prod_44,2026-07-05T22:07:00Z
user_26,prod_46,2026-07-05T22:10:00Z
user_52,prod_43,2026-07-05T22:10:00Z
user_84,prod_5,2026-07-05T22:14:00Z
user_61,prod_34,2026-07-05T22:14:00Z
user_32,prod_10,2026-07-05T22:23:00Z
user_106,prod_1,2026-07-05T22:26:00Z
user_13,prod_7,2026-07-05T22:29:00Z
user_33,prod_44,2026-07-05T22:30:00Z
user_28,prod_17,2026-07-05T22:32:00Z
user_69,prod_28,2026-07-05T22:34:00Z
user_80,prod_21,2026-07-05T22:38:00Z
user_65,prod_20,2026-07-05T22:45:00Z
user_88,prod_16,2026-07-05T22:45:00Z
user_18,prod_30,2026-07-05T22:47:00Z
user_50,prod_22,2026-07-05T22:49:00Z
user_17,prod_31,2026-07-05T22:51:00Z
user_101,prod_27,2026-07-05T22:51:00Z
user_43,prod_21,2026-07-05T22:52:00Z
user_93,prod_48,2026-07-05T22:53:00Z
user_76,prod_2,2026-07-05T22:56:00Z
user_110,prod_22,2026-07-05T23:01:00Z
user_77,prod_5,2026-07-05T23:02:00Z
user_57,prod_29,2026-07-05T23:03:00Z
user_97,prod_15,2026-07-05T23:05:00Z
user_116,prod_19,2026-07-05T23:07:00Z
user_86,prod_25,2026-07-05T23:07:00Z
user_111,prod_1,2026-07-05T23:13:00Z
user_53,prod_37,2026-07-05T23:16:00Z
user_93,prod_8,2026-07-05T23:16:00Z
user_99,prod_20,2026-07-05T23:21:00Z
user_72,prod_15,2026-07-05T23:22:00Z
user_67,prod_35,2026-07-05T23:26:00Z
user_35,prod_41,2026-07-05T23:29:00Z
user_16,prod_30,2026-07-05T23:30:00Z
user_28,prod_35,2026-07-05T23:32:00Z
user_44,prod_40,2026-07-05T23:38:00Z
user_50,prod_38,2026-07-05T23:44:00Z
user_74,prod_13,2026-07-05T23:46:00Z
user_32,prod_7,2026-07-05T23:47:00Z
user_112,prod_13,2026-07-05T23:48:00Z
user_71,prod_19,2026-07-05T23:48:00Z
user_36,prod_39,2026-07-05T23:56:00Z
user_35,prod_11,2026-07-05T23:56:00Z
user_86,prod_18,2026-07-05T23:57:00Z
user_43,prod_23,2026-07-05T23:59:00Z
